Ad Set Bid Strategy	Ad Set Daily Budget	Ad Set ID	Ad Set Name	Age Max	Age Min	Bid Amount	Countries	Custom Audiences	Gender	Flexible Inclusions	Product 1 - Link	Image	Video File Name
		c:23843066303860116	EUgood_ERLpurchase1%_only_1130 - aha1	50	18		IT, NL, ES, SE, GB, FI, DK, HU, DE	23843066301960116:Lookalike (Europe 1%) - ERL_purchase_1016			https://geterl.com/products/erl2-0-features
Lowest Cost	20	c:23843067337530116	US_sportEquip_1201 - ahaold	50	18		US			"[{""interests"":[{""id"":""6002992069973"",""name"":""Sports equipment""},{""id"":""6003545471303"",""name"":""Sportswear (activewear)""}]}]"	https://geterl.com/products/erl2-feature-and-new
Lowest Cost	20	c:23843062694660116	EUgood_indie1%_1127 - aha1 - Copy 21	50	18		IT, NL, ES, SE, GB, FI, DK, HU, DE	23842995418580116:Lookalike (Europe 1%) - ERLindiegogo1016exact		"[{""interests"":[{""id"":""6003717851560"",""name"":""Headphones""},{""id"":""6005989447579"",""name"":""Headset (audio)""}]}]"	https://geterl.com/products/erl2-0-features
		c:23843071873500116	EUgood_ERLpurchase2%_only_1204-24-55	55	24		IT, NL, ES, SE, GB, FI, DK, HU, DE	23843071890340116:Lookalike (Europe 2%) - ERL_purchase_1016			https://geterl.com/products/erl2-0-features
		c:23843071820930116	SG_AdoptersXheadphones_1204-24-55	55	24		SG			"[{""behaviors"":[{""id"":""6003808923172"",""name"":""Technology early adopters""}]},{""interests"":[{""id"":""6003717851560"",""name"":""Headphones""},{""id"":""6005989447579"",""name"":""Headset (audio)""}]}]"	https://geterl.com/products/erl2-feature-and-new
		c:23843071894850116	EUgood_adct30d2%_only_1204-24-55	55	24		IT, NL, ES, SE, GB, FI, DK, HU, DE	23843071888860116:Lookalike (Europe 2%) - ERL_AddtoCart_30d			https://geterl.com/products/erl2-0-features
Lowest Cost	20	c:23843065433680116	US_ERLadct30-1%_1129-aha	50	18		US	23843065421020116:Lookalike (US 1%) - ERL_AddtoCart_30d		"[{""interests"":[{""id"":""6003717851560"",""name"":""Headphones""},{""id"":""6005989447579"",""name"":""Headset (audio)""}]}]"	https://geterl.com/products/erl2-0-features
Lowest Cost	20	c:23843065433680116	US_ERLadct30-1%_1129-aha	50	18		US	23843065421020116:Lookalike (US 1%) - ERL_AddtoCart_30d		"[{""interests"":[{""id"":""6003717851560"",""name"":""Headphones""},{""id"":""6005989447579"",""name"":""Headset (audio)""}]}]"	https://geterl.com/products/erl2-0-features
Lowest Cost	30	c:23843062733840116	US_ERLpurchase2%_1128-earpic	50	18		US	23843041213140116:Lookalike (US 2%) - ERL_purchase_1016		"[{""interests"":[{""id"":""6003717851560"",""name"":""Headphones""},{""id"":""6005989447579"",""name"":""Headset (audio)""}]}]"	https://geterl.com/products/erl2-feature-and-new
		c:23843071822920116	SG_SportsXheadphones_1204-24-55	55	24		SG			"[{""interests"":[{""id"":""6002992069973"",""name"":""Sports equipment""},{""id"":""6003545471303"",""name"":""Sportswear (activewear)""}]},{""interests"":[{""id"":""6003717851560"",""name"":""Headphones""},{""id"":""6005989447579"",""name"":""Headset (audio)""}]}]"	https://geterl.com/products/erl2-feature-and-new
Lowest Cost	20	c:23843067857640116	US_sportEquip_1201 - ahaold-newpic	50	18		US			"[{""interests"":[{""id"":""6002992069973"",""name"":""Sports equipment""},{""id"":""6003545471303"",""name"":""Sportswear (activewear)""}]}]"	https://geterl.com/products/erl2-feature-and-new
		c:23843071930510116	US_ERLpurchase3%_only_1204-24-55	55	24		US	23843051910170116:Lookalike (US 3%) - ERL_purchase_1016			https://geterl.com/products/erl2-0-features
Lowest Cost	20	c:23843067857650116	SG_sportEquip_1201 - ahaold-newpic	50	18		SG			"[{""interests"":[{""id"":""6002992069973"",""name"":""Sports equipment""},{""id"":""6003545471303"",""name"":""Sportswear (activewear)""}]}]"	https://geterl.com/products/erl2-feature-and-new
Lowest Cost	20	c:23843062694690116	EUgood_indie2%_1127 - aha1 - Copy	50	18		IT, NL, ES, SE, GB, FI, DK, HU, DE	23843059357280116:Lookalike (Europe 2%) - ERLindiegogo1016exact		"[{""interests"":[{""id"":""6003717851560"",""name"":""Headphones""},{""id"":""6005989447579"",""name"":""Headset (audio)""}]}]"	https://geterl.com/products/erl2-0-features
Lowest Cost	20	c:23843065434350116	SG_ERLadct30-1%_only_1129-aha	50	18		SG	23843065422530116:Lookalike (SG 1%) - ERL_AddtoCart_30d			https://geterl.com/products/erl2-0-features
Lowest Cost	20	c:23843065434350116	SG_ERLadct30-1%_only_1129-aha	50	18		SG	23843065422530116:Lookalike (SG 1%) - ERL_AddtoCart_30d			https://geterl.com/products/erl2-0-features
		c:23843071934700116	US_adct1%_only_1204-24-55	55	24		US	23843065421020116:Lookalike (US 1%) - ERL_AddtoCart_30d			https://geterl.com/products/erl2-0-features
		c:23843071812820116	SG_SporswearOnly_1204-24-55	55	24		SG			"[{""interests"":[{""id"":""6002992069973"",""name"":""Sports equipment""},{""id"":""6003545471303"",""name"":""Sportswear (activewear)""}]}]"	https://geterl.com/products/erl2-feature-and-new
Lowest Cost	30	c:23843063811640116	SG_shopping_1128 - ahaold-gif	50	18		SG			"[{""interests"":[{""id"":""6003717851560"",""name"":""Headphones""},{""id"":""6005989447579"",""name"":""Headset (audio)""}]},{""interests"":[{""id"":""6003346592981"",""name"":""Online shopping""}]}]"	
Lowest Cost	20	c:23843065456270116	SG_sport_1129 - ahaold	50	18		SG			"[{""interests"":[{""id"":""6003091202415"",""name"":""Jogging""},{""id"":""6003092532417"",""name"":""CrossFit""},{""id"":""6003269553527"",""name"":""Sports""},{""id"":""6003277229371"",""name"":""Physical fitness""},{""id"":""6003397496347"",""name"":""Running""},{""id"":""6003402532547"",""name"":""Cycling""},{""id"":""6003473077165"",""name"":""Weight training""},{""id"":""6003648059946"",""name"":""Bodybuilding""},{""id"":""6003713973153"",""name"":""Strength training""},{""id"":""6004115167424"",""name"":""Physical exercise""}]}]"	https://geterl.com/products/erl2-feature-and-new
Lowest Cost	30	c:23843063926950116	ID_adopter_engaged_1128	50	18		ID			"[{""behaviors"":[{""id"":""6003808923172"",""name"":""Technology early adopters""}]},{""behaviors"":[{""id"":""6002764392172"",""name"":""Facebook Payments users (90 days)""},{""id"":""6004948896772"",""name"":""Facebook Payments users (higher than average spend)""},{""id"":""6004948896972"",""name"":""Facebook Payments users (30 days)""},{""id"":""6071631541183"",""name"":""Engaged Shoppers""}]}]"	https://geterl.com/products/erl2-0-features
Lowest Cost	20	c:23843065498190116	SG_sportEquip_1129 - ahaold	50	18		SG			"[{""interests"":[{""id"":""6002992069973"",""name"":""Sports equipment""},{""id"":""6003545471303"",""name"":""Sportswear (activewear)""}]}]"	https://geterl.com/products/erl2-feature-and-new
Lowest Cost	10	c:23843070488340116	EUgood_ERLvisitors30d_1203	50	18		IT, NL, ES, SE, GB, FI, DK, HU, DE	23843065414510116:ERL_visitors_30d			https://geterl.com/products/erl2-feature-and-new
Lowest Cost	10	c:23843070488340116	EUgood_ERLvisitors30d_1203	50	18		IT, NL, ES, SE, GB, FI, DK, HU, DE	23843065414510116:ERL_visitors_30d			https://geterl.com/products/erl2-0-features
Lowest Cost	10	c:23843070488340116	EUgood_ERLvisitors30d_1203	50	18		IT, NL, ES, SE, GB, FI, DK, HU, DE	23843065414510116:ERL_visitors_30d			https://geterl.com/products/erl2-feature-and-new
Lowest Cost	30	c:23843063743690116	ID_ERLpurchase1%_engaged_1128 - feature	50	18		ID	23843039142200116:Lookalike (ID 1%) - ERL_purchase_1016		"[{""interests"":[{""id"":""6003717851560"",""name"":""Headphones""},{""id"":""6005989447579"",""name"":""Headset (audio)""}]},{""behaviors"":[{""id"":""6002764392172"",""name"":""Facebook Payments users (90 days)""},{""id"":""6004948896772"",""name"":""Facebook Payments users (higher than average spend)""},{""id"":""6004948896972"",""name"":""Facebook Payments users (30 days)""},{""id"":""6071631541183"",""name"":""Engaged Shoppers""}]}]"	https://geterl.com/products/erl2-0-features
Lowest Cost	5	c:23843065437030116	US_ERLvisitors30d_1129-earpic	50	18		US	23843065414510116:ERL_visitors_30d			https://geterl.com/products/erl2-feature-and-new
Lowest Cost	5	c:23843065437030116	US_ERLvisitors30d_1129-earpic	50	18		US	23843065414510116:ERL_visitors_30d			https://geterl.com/products/erl2-feature-and-new
		c:23843071873490116	EUgood_indie1%_only_1204-24-55	55	24		IT, NL, ES, SE, GB, FI, DK, HU, DE	23842995418580116:Lookalike (Europe 1%) - ERLindiegogo1016exact			https://geterl.com/products/erl2-0-features
		c:23843071933880116	US_indie1%_only_1204-24-55	55	24		US	23842998539940116:Lookalike (US 1%) - ERLindiegogo1016exact			https://geterl.com/products/erl2-0-features
		c:23843071813880116	SG_AdoptersXSports_1204-24-55	55	24		SG			"[{""behaviors"":[{""id"":""6003808923172"",""name"":""Technology early adopters""}]},{""interests"":[{""id"":""6002992069973"",""name"":""Sports equipment""},{""id"":""6003545471303"",""name"":""Sportswear (activewear)""}]}]"	https://geterl.com/products/erl2-feature-and-new
Lowest Cost	20	c:23843070503560116	US_ERLadct30d-1%Noover_1203-aha	50	18		US	23843065421020116:Lookalike (US 1%) - ERL_AddtoCart_30d			https://geterl.com/products/erl2-0-features
		c:23843071895290116	EUgood_topvisit1%_only_1204-24-55	55	24		IT, NL, ES, SE, GB, FI, DK, HU, DE	23843070111560116:Lookalike (Europe 1%) - ERL_visitors25%_30d			https://geterl.com/products/erl2-0-features
Lowest Cost	20	c:23843062733180116	SG_earlyadopter_1127 - ahaold - Copy	50	18		SG			"[{""behaviors"":[{""id"":""6003808923172"",""name"":""Technology early adopters""}]}]"	https://geterl.com/products/erl2-feature-and-new
		c:23843071813370116	SG_AdoptersOnly_1204-24-55	55	24		SG			"[{""behaviors"":[{""id"":""6003808923172"",""name"":""Technology early adopters""}]}]"	https://geterl.com/products/erl2-feature-and-new
Lowest Cost	20	c:23843070500090116	US_ERLpurchase3%Noover_1203-aha	50	18		US	23843051910170116:Lookalike (US 3%) - ERL_purchase_1016			https://geterl.com/products/erl2-0-features
		c:23843071809040116	SG_headphoneOnly_1204-24-55	55	24		SG			"[{""interests"":[{""id"":""6003717851560"",""name"":""Headphones""},{""id"":""6005989447579"",""name"":""Headset (audio)""}]}]"	https://geterl.com/products/erl2-feature-and-new
Lowest Cost	20	c:23842995495230116	SG_shopping_1019 - aha1110	55	45		SG			"[{""interests"":[{""id"":""6003717851560"",""name"":""Headphones""},{""id"":""6005989447579"",""name"":""Headset (audio)""}]}]"	https://geterl.com/products/erl2-0-features
Lowest Cost	20	c:23843067860710116	US_sportEquip_1201 - aha-newpic	50	18		US			"[{""interests"":[{""id"":""6002992069973"",""name"":""Sports equipment""},{""id"":""6003545471303"",""name"":""Sportswear (activewear)""}]}]"	https://geterl.com/products/erl2-0-features
Lowest Cost	30	c:23843063371620116	ID_indiegogo1%_engaged_1128-earpic	50	18		ID	23843012006830116:Lookalike (ID 1%) - ERLindiegogo1016exact		"[{""interests"":[{""id"":""6003717851560"",""name"":""Headphones""},{""id"":""6005989447579"",""name"":""Headset (audio)""}]},{""behaviors"":[{""id"":""6002764392172"",""name"":""Facebook Payments users (90 days)""},{""id"":""6004948896772"",""name"":""Facebook Payments users (higher than average spend)""},{""id"":""6004948896972"",""name"":""Facebook Payments users (30 days)""},{""id"":""6071631541183"",""name"":""Engaged Shoppers""}]}]"	https://geterl.com/products/erl2-0-features
Lowest Cost	30	c:23843063371620116	ID_indiegogo1%_engaged_1128-earpic	50	18		ID	23843012006830116:Lookalike (ID 1%) - ERLindiegogo1016exact		"[{""interests"":[{""id"":""6003717851560"",""name"":""Headphones""},{""id"":""6005989447579"",""name"":""Headset (audio)""}]},{""behaviors"":[{""id"":""6002764392172"",""name"":""Facebook Payments users (90 days)""},{""id"":""6004948896772"",""name"":""Facebook Payments users (higher than average spend)""},{""id"":""6004948896972"",""name"":""Facebook Payments users (30 days)""},{""id"":""6071631541183"",""name"":""Engaged Shoppers""}]}]"	https://geterl.com/products/erl2-feature-and-new
Lowest Cost	30	c:23843041171310116	SG_shopping_1113 - ahaold - Copy 4	50	18		SG			"[{""interests"":[{""id"":""6003717851560"",""name"":""Headphones""},{""id"":""6005989447579"",""name"":""Headset (audio)""}]},{""interests"":[{""id"":""6003346592981"",""name"":""Online shopping""}]}]"	https://geterl.com/products/erl2-feature-and-new
		c:23843066311820116	EUgood_headphone&brands_1130 - aha1	50	18		IT, NL, ES, SE, GB, FI, DK, HU, DE			"[{""interests"":[{""id"":""6002899129710"",""name"":""JBL""},{""id"":""6003140765017"",""name"":""Wireless speakers""},{""id"":""6003280302010"",""name"":""Sennheiser""},{""id"":""6003372673474"",""name"":""Bang & Olufsen""},{""id"":""6003382886804"",""name"":""Bowers & Wilkins""},{""id"":""6003396549623"",""name"":""Bose headphones""},{""id"":""6003448130225"",""name"":""Skullcandy""},{""id"":""6003717851560"",""name"":""Headphones""},{""id"":""6005989447579"",""name"":""Headset (audio)""},{""id"":""6016308695583"",""name"":""Jabra (headset)""}]}]"	https://geterl.com/products/erl2-0-features
Lowest Cost	30	c:23843066298620116	US_ERLpurchase2%_only_1130-aha	50	18		US	23843041213140116:Lookalike (US 2%) - ERL_purchase_1016			https://geterl.com/products/erl2-0-features
Lowest Cost	30	c:23843066298620116	US_ERLpurchase2%_only_1130-aha	50	18		US	23843041213140116:Lookalike (US 2%) - ERL_purchase_1016			https://geterl.com/products/erl2-0-features
Lowest Cost	20	c:23843062694700116	EUgood_indie2%_1127 - aha1 - Copy	50	18		IT, NL, ES, SE, GB, FI, DK, HU, DE	23843059357280116:Lookalike (Europe 2%) - ERLindiegogo1016exact		"[{""interests"":[{""id"":""6003717851560"",""name"":""Headphones""},{""id"":""6005989447579"",""name"":""Headset (audio)""}]}]"	https://geterl.com/products/erl2-0-features
Lowest Cost	30	c:23843063371980116	ID_adopter_engaged_1128-earpic	50	18		ID			"[{""behaviors"":[{""id"":""6003808923172"",""name"":""Technology early adopters""}]},{""behaviors"":[{""id"":""6002764392172"",""name"":""Facebook Payments users (90 days)""},{""id"":""6004948896772"",""name"":""Facebook Payments users (higher than average spend)""},{""id"":""6004948896972"",""name"":""Facebook Payments users (30 days)""},{""id"":""6071631541183"",""name"":""Engaged Shoppers""}]}]"	https://geterl.com/products/erl2-0-features
Lowest Cost	30	c:23843063371980116	ID_adopter_engaged_1128-earpic	50	18		ID			"[{""behaviors"":[{""id"":""6003808923172"",""name"":""Technology early adopters""}]},{""behaviors"":[{""id"":""6002764392172"",""name"":""Facebook Payments users (90 days)""},{""id"":""6004948896772"",""name"":""Facebook Payments users (higher than average spend)""},{""id"":""6004948896972"",""name"":""Facebook Payments users (30 days)""},{""id"":""6071631541183"",""name"":""Engaged Shoppers""}]}]"	https://geterl.com/products/erl2-feature-and-new
Lowest Cost	30	c:23843041171340116	SG_shopping_1113 - ahaold - Copy 3	50	18		SG			"[{""interests"":[{""id"":""6003717851560"",""name"":""Headphones""},{""id"":""6005989447579"",""name"":""Headset (audio)""}]},{""interests"":[{""id"":""6003346592981"",""name"":""Online shopping""}]}]"	https://geterl.com/products/erl2-feature-and-new
Lowest Cost	20	c:23843062694710116	EUgood_indie1%_1127 - aha1 - Copy 21	50	18		IT, NL, ES, SE, GB, FI, DK, HU, DE	23842995418580116:Lookalike (Europe 1%) - ERLindiegogo1016exact		"[{""interests"":[{""id"":""6003717851560"",""name"":""Headphones""},{""id"":""6005989447579"",""name"":""Headset (audio)""}]}]"	https://geterl.com/products/erl2-0-features
Lowest Cost	20	c:23843053055970116	EUgood_indie1%_1120 - aha1110	50	18		IT, NL, ES, SE, GB, FI, DK, HU, DE	23842995418580116:Lookalike (Europe 1%) - ERLindiegogo1016exact		"[{""interests"":[{""id"":""6003717851560"",""name"":""Headphones""},{""id"":""6005989447579"",""name"":""Headset (audio)""}]}]"	https://geterl.com/products/erl2-0-features
Lowest Cost	20	c:23843065440660116	SG_earlyadopter_1129-earpic	50	18		SG			"[{""behaviors"":[{""id"":""6003808923172"",""name"":""Technology early adopters""}]}]"	https://geterl.com/products/erl2-feature-and-new
Lowest Cost	20	c:23843065440660116	SG_earlyadopter_1129-earpic	50	18		SG			"[{""behaviors"":[{""id"":""6003808923172"",""name"":""Technology early adopters""}]}]"	https://geterl.com/products/erl2-feature-and-new
Lowest Cost	10	c:23843070490210116	SG_ERLvisitors30d_1203	50	18		SG	23843065414510116:ERL_visitors_30d			https://geterl.com/products/erl2-feature-and-new
Lowest Cost	10	c:23843070490210116	SG_ERLvisitors30d_1203	50	18		SG	23843065414510116:ERL_visitors_30d			https://geterl.com/products/erl2-0-features
Lowest Cost	10	c:23843070490210116	SG_ERLvisitors30d_1203	50	18		SG	23843065414510116:ERL_visitors_30d			https://geterl.com/products/erl2-feature-and-new
Lowest Cost	20	c:23843067342020116	AU_sportEquip_1201 - ahaold	50	18		AU			"[{""interests"":[{""id"":""6002992069973"",""name"":""Sports equipment""},{""id"":""6003545471303"",""name"":""Sportswear (activewear)""}]}]"	https://geterl.com/products/erl2-feature-and-new
Lowest Cost	20	c:23843062696500116	EUgood_indie1%only_1127 - aha1	50	18		IT, NL, ES, SE, GB, FI, DK, HU, DE	23842995418580116:Lookalike (Europe 1%) - ERLindiegogo1016exact			https://geterl.com/products/erl2-0-features
Lowest Cost	30	c:23843059358330116	US_ERLpurchase3%_1125-aha	50	18		US	23843051910170116:Lookalike (US 3%) - ERL_purchase_1016		"[{""interests"":[{""id"":""6003717851560"",""name"":""Headphones""},{""id"":""6005989447579"",""name"":""Headset (audio)""}]}]"	https://geterl.com/products/erl2-0-features
Lowest Cost	30	c:23843065434730116	US_ERLpurchase3%_only_1129-aha	50	18		US	23843051910170116:Lookalike (US 3%) - ERL_purchase_1016			https://geterl.com/products/erl2-0-features
Lowest Cost	30	c:23843065434730116	US_ERLpurchase3%_only_1129-aha	50	18		US	23843051910170116:Lookalike (US 3%) - ERL_purchase_1016			https://geterl.com/products/erl2-0-features
		c:23843066303410116	EUgood_indie2%_only_1130 - aha1	50	18		IT, NL, ES, SE, GB, FI, DK, HU, DE	23843059357280116:Lookalike (Europe 2%) - ERLindiegogo1016exact			https://geterl.com/products/erl2-0-features
Lowest Cost	20	c:23843016410390116	EU2_indie1%_1031-newpic	50	18		NL, NO, SE, CH, FI, DK, BE, AT, CZ, HU	23842995418580116:Lookalike (Europe 1%) - ERLindiegogo1016exact		"[{""interests"":[{""id"":""6003717851560"",""name"":""Headphones""},{""id"":""6005989447579"",""name"":""Headset (audio)""}]}]"	https://geterl.com/products/ultimate-zero-compromise-total-wireless-earbuds
Lowest Cost	20	c:23843018643170116	US_indie1%_1101 - land2 - Copy 22	50	18		US	23842998539940116:Lookalike (US 1%) - ERLindiegogo1016exact		"[{""interests"":[{""id"":""6003717851560"",""name"":""Headphones""},{""id"":""6005989447579"",""name"":""Headset (audio)""}]}]"	https://geterl.com/products/ultimate-zero-compromise-total-wireless-earbuds
Lowest Cost	0	c:23843041189650116	SG_shopping_1113 - ahaold - schedule 5	50	18		SG			"[{""interests"":[{""id"":""6003717851560"",""name"":""Headphones""},{""id"":""6005989447579"",""name"":""Headset (audio)""}]},{""interests"":[{""id"":""6003346592981"",""name"":""Online shopping""}]}]"	https://geterl.com/products/erl2-feature-and-new
Lowest Cost	20	c:23843037514000116	US_ERLpurchase1%_1111 - feature - Copy	50	18		US	23842995418430116:Lookalike (US 1%) - ERL_purchase_1016		"[{""interests"":[{""id"":""6003717851560"",""name"":""Headphones""},{""id"":""6005989447579"",""name"":""Headset (audio)""}]}]"	https://geterl.com/products/erl2-0-features
Lowest Cost	20	c:23843037512240116	SG_shopping_1111 - aha1110 - Copy	50	18		SG			"[{""interests"":[{""id"":""6003717851560"",""name"":""Headphones""},{""id"":""6005989447579"",""name"":""Headset (audio)""}]},{""interests"":[{""id"":""6003346592981"",""name"":""Online shopping""}]}]"	https://geterl.com/products/erl2-0-features
Lowest Cost	0	c:23843059904840116	US_ERL_addtocart1%_1125-aha1	50	18		US	23843055843290116:Lookalike (US 1%) - ERL_addtocart		"[{""behaviors"":[{""id"":""6003808923172"",""name"":""Technology early adopters""}]}]"	https://geterl.com/products/erl2-0-features
Lowest Cost	30	c:23843041211550116	US_ERLpurchase2%_1113-ahaold	50	18		US	23843041213140116:Lookalike (US 2%) - ERL_purchase_1016		"[{""interests"":[{""id"":""6003717851560"",""name"":""Headphones""},{""id"":""6005989447579"",""name"":""Headset (audio)""}]}]"	https://geterl.com/products/erl2-feature-and-new
Lowest Cost	20	c:23843056676450116	EUgood_indie1%_1123 - aha1 - Copy2	50	18		IT, NL, ES, SE, GB, FI, DK, HU, DE	23842995418580116:Lookalike (Europe 1%) - ERLindiegogo1016exact		"[{""interests"":[{""id"":""6003717851560"",""name"":""Headphones""},{""id"":""6005989447579"",""name"":""Headset (audio)""}]}]"	https://geterl.com/products/erl2-0-features
Lowest Cost	20	c:23843037601680116	HK_shopping_1111 - aha1110	50	18		HK			"[{""interests"":[{""id"":""6003717851560"",""name"":""Headphones""},{""id"":""6005989447579"",""name"":""Headset (audio)""}]},{""interests"":[{""id"":""6003346592981"",""name"":""Online shopping""}]}]"	https://geterl.com/products/erl2-0-features
Lowest Cost	20	c:23843016404020116	US_ERLcheckout1%_1031-land2	49	18		US	23843015197430116:Lookalike (US 1%) - ERL_checkout_1026		"[{""interests"":[{""id"":""6003717851560"",""name"":""Headphones""},{""id"":""6005989447579"",""name"":""Headset (audio)""}]}]"	https://geterl.com/products/ultimate-zero-compromise-total-wireless-earbuds
Lowest Cost	0	c:23843057853130116	SG_ERLpurchase1%_1123 - ahaold - schedule	50	18		SG	23843057843630116:Lookalike (SG 1%) - ERL_purchase_1016		"[{""interests"":[{""id"":""6003717851560"",""name"":""Headphones""},{""id"":""6005989447579"",""name"":""Headset (audio)""}]}]"	https://geterl.com/products/erl2-feature-and-new
Lowest Cost	20	c:23843018643190116	US_indie1%_1101 - land2 - Copy 22	50	18		US	23842998539940116:Lookalike (US 1%) - ERLindiegogo1016exact		"[{""interests"":[{""id"":""6003717851560"",""name"":""Headphones""},{""id"":""6005989447579"",""name"":""Headset (audio)""}]}]"	https://geterl.com/products/ultimate-zero-compromise-total-wireless-earbuds
Lowest Cost	0	c:23843056678770116	US_ERL_addtocart1%_1123-aha - schedule	50	18		US	23843055843290116:Lookalike (US 1%) - ERL_addtocart		"[{""behaviors"":[{""id"":""6003808923172"",""name"":""Technology early adopters""}]}]"	https://geterl.com/products/erl2-feature-and-new
Lowest Cost	0	c:23843056678770116	US_ERL_addtocart1%_1123-aha - schedule	50	18		US	23843055843290116:Lookalike (US 1%) - ERL_addtocart		"[{""behaviors"":[{""id"":""6003808923172"",""name"":""Technology early adopters""}]}]"	https://geterl.com/products/erl2-0-features
Lowest Cost	20	c:23843056676460116	EUgood_indie1%_1123 - aha1 - Copy1	50	18		IT, NL, ES, SE, GB, FI, DK, HU, DE	23842995418580116:Lookalike (Europe 1%) - ERLindiegogo1016exact		"[{""interests"":[{""id"":""6003717851560"",""name"":""Headphones""},{""id"":""6005989447579"",""name"":""Headset (audio)""}]}]"	https://geterl.com/products/erl2-0-features
Lowest Cost	20	c:23843060333630116	KR_indiegogo1%_1126 - aha	50	18		KR	23843060333810116:Lookalike (KR 1%) - ERLindiegogo1016exact		"[{""interests"":[{""id"":""6003717851560"",""name"":""Headphones""},{""id"":""6005989447579"",""name"":""Headset (audio)""}]}]"	https://geterl.com/products/erl2-0-features
Lowest Cost	20	c:23843037512270116	SG_shopping_1111 - aha1110 - Copy	50	18		SG			"[{""interests"":[{""id"":""6003717851560"",""name"":""Headphones""},{""id"":""6005989447579"",""name"":""Headset (audio)""}]},{""interests"":[{""id"":""6003346592981"",""name"":""Online shopping""}]}]"	https://geterl.com/products/erl2-0-features
Lowest Cost	20	c:23843059969100116	EUgood_indie1%_1125 - aha1 - Copy 21	50	18		IT, NL, ES, SE, GB, FI, DK, HU, DE	23842995418580116:Lookalike (Europe 1%) - ERLindiegogo1016exact		"[{""interests"":[{""id"":""6003717851560"",""name"":""Headphones""},{""id"":""6005989447579"",""name"":""Headset (audio)""}]}]"	https://geterl.com/products/erl2-0-features
Lowest Cost	20	c:23843041121040116	TW_ERLpurchase1%_1113 - feature	50	18		TW	23843041120310116:Lookalike (TW 1%) - ERL_purchase_1016		"[{""interests"":[{""id"":""6003717851560"",""name"":""Headphones""},{""id"":""6005989447579"",""name"":""Headset (audio)""}]}]"	https://geterl.com/products/%E9%9B%B6%E9%9F%B3%E6%90%8D%E9%98%B2%E6%B0%B4%E8%97%8D%E7%89%995-0%E7%84%A1%E7%B7%9A%E8%80%B3%E6%A9%9F-erl2-0
Lowest Cost	30	c:23843038817100116	US_ERLpurchase1%_1112 - feature - Copy 3	50	18		US	23842995418430116:Lookalike (US 1%) - ERL_purchase_1016		"[{""interests"":[{""id"":""6003717851560"",""name"":""Headphones""},{""id"":""6005989447579"",""name"":""Headset (audio)""}]}]"	https://geterl.com/products/erl2-0-features
Lowest Cost	40	c:23843038817540116	SG_shopping_1112 - aha1110 - Copy 2	50	18		SG			"[{""interests"":[{""id"":""6003717851560"",""name"":""Headphones""},{""id"":""6005989447579"",""name"":""Headset (audio)""}]},{""interests"":[{""id"":""6003346592981"",""name"":""Online shopping""}]}]"	https://geterl.com/products/erl2-0-features
Lowest Cost	20	c:23843060586660116	SG_earlyadopter_1126 - ahaold - newpic	50	18		SG			"[{""behaviors"":[{""id"":""6003808923172"",""name"":""Technology early adopters""}]}]"	https://geterl.com/products/erl2-feature-and-new
Lowest Cost	30	c:23843051910740116	US_ERLpurchase3%_1120-ahaold	50	18		US	23843051910170116:Lookalike (US 3%) - ERL_purchase_1016		"[{""interests"":[{""id"":""6003717851560"",""name"":""Headphones""},{""id"":""6005989447579"",""name"":""Headset (audio)""}]}]"	https://geterl.com/products/erl2-feature-and-new
Lowest Cost	20	c:23843060336300116	JP_indiegogo1%_1126 - aha	50	18		JP	23843060333900116:Lookalike (JP 1%) - ERLindiegogo1016exact		"[{""interests"":[{""id"":""6003717851560"",""name"":""Headphones""},{""id"":""6005989447579"",""name"":""Headset (audio)""}]}]"	https://geterl.com/products/erl2-0-features
Lowest Cost	20	c:23843055847870116	US_ERL_addtocart1%_1120-aha	50	18		US	23843055843290116:Lookalike (US 1%) - ERL_addtocart		"[{""behaviors"":[{""id"":""6003808923172"",""name"":""Technology early adopters""}]}]"	https://geterl.com/products/erl2-feature-and-new
Lowest Cost	20	c:23843039109070116	UK_ERLpurchase1%_1112 - feature	50	18		GB	23842999078230116:Lookalike (GB 1%) - ERL_purchase_1016		"[{""interests"":[{""id"":""6003717851560"",""name"":""Headphones""},{""id"":""6005989447579"",""name"":""Headset (audio)""}]}]"	https://geterl.com/products/erl2-0-features
Lowest Cost	0	c:23843057859240116	US_ERLpurchase1%_1123-feature-schedule - Copy	50	18		US	23842995418430116:Lookalike (US 1%) - ERL_purchase_1016		"[{""interests"":[{""id"":""6003717851560"",""name"":""Headphones""},{""id"":""6005989447579"",""name"":""Headset (audio)""}]}]"	https://geterl.com/products/erl2-0-features
Lowest Cost	30	c:23843041206340116	US_ERLpurchase1%_1113-ahaold	50	18		US	23842995418430116:Lookalike (US 1%) - ERL_purchase_1016		"[{""interests"":[{""id"":""6003717851560"",""name"":""Headphones""},{""id"":""6005989447579"",""name"":""Headset (audio)""}]}]"	https://geterl.com/products/erl2-feature-and-new
Lowest Cost	30	c:23843041206360116	US_ERLpurchase1%_1113-ahaold	50	18		US	23842995418430116:Lookalike (US 1%) - ERL_purchase_1016		"[{""interests"":[{""id"":""6003717851560"",""name"":""Headphones""},{""id"":""6005989447579"",""name"":""Headset (audio)""}]}]"	https://geterl.com/products/erl2-feature-and-new
Lowest Cost	20	c:23843060739420116	US_ERLpurchase1%_1126-feature-me	50	18		US	23842995418430116:Lookalike (US 1%) - ERL_purchase_1016		"[{""interests"":[{""id"":""6003717851560"",""name"":""Headphones""},{""id"":""6005989447579"",""name"":""Headset (audio)""}]}]"	https://geterl.com/products/erl2-0-features
Lowest Cost	20	c:23843060739420116	US_ERLpurchase1%_1126-feature-me	50	18		US	23842995418430116:Lookalike (US 1%) - ERL_purchase_1016		"[{""interests"":[{""id"":""6003717851560"",""name"":""Headphones""},{""id"":""6005989447579"",""name"":""Headset (audio)""}]}]"	
Lowest Cost	20	c:23843059969090116	EUgood_indie1%_1125 - aha1 - Copy 21	50	18		IT, NL, ES, SE, GB, FI, DK, HU, DE	23842995418580116:Lookalike (Europe 1%) - ERLindiegogo1016exact		"[{""interests"":[{""id"":""6003717851560"",""name"":""Headphones""},{""id"":""6005989447579"",""name"":""Headset (audio)""}]}]"	https://geterl.com/products/erl2-0-features
Lowest Cost	30	c:23843038817090116	US_ERLpurchase1%_1112 - feature - Copy 2	50	18		US	23842995418430116:Lookalike (US 1%) - ERL_purchase_1016		"[{""interests"":[{""id"":""6003717851560"",""name"":""Headphones""},{""id"":""6005989447579"",""name"":""Headset (audio)""}]}]"	https://geterl.com/products/erl2-0-features
Lowest Cost	20	c:23843039112620116	MX_ERLpurchase1%_1112 - feature	50	18		MX	23843018642770116:Lookalike (MX 1%) - ERL_purchase_1016		"[{""interests"":[{""id"":""6003717851560"",""name"":""Headphones""},{""id"":""6005989447579"",""name"":""Headset (audio)""}]}]"	https://geterl.com/products/erl2-0-features
Lowest Cost	20	c:23843051908480116	EU1_indie1%_1119 - aha1110	50	18		IT, FR, DE	23843010567180116:Lookalike (DE FR IT 1%) - ERLindiegogo1016exact		"[{""interests"":[{""id"":""6003717851560"",""name"":""Headphones""},{""id"":""6005989447579"",""name"":""Headset (audio)""}]}]"	https://geterl.com/products/erl2-0-features
Lowest Cost	0	c:23843053073640116	US_ERLpurchase2%_1120-ahaold-schedule	50	18		US	23843041213140116:Lookalike (US 2%) - ERL_purchase_1016		"[{""interests"":[{""id"":""6003717851560"",""name"":""Headphones""},{""id"":""6005989447579"",""name"":""Headset (audio)""}]}]"	https://geterl.com/products/erl2-feature-and-new
Lowest Cost	20	c:23843039158860116	SG_engaged_1112 - aha1110	50	18		SG			"[{""interests"":[{""id"":""6003717851560"",""name"":""Headphones""},{""id"":""6005989447579"",""name"":""Headset (audio)""}]},{""behaviors"":[{""id"":""6002764392172"",""name"":""Facebook Payments users (90 days)""},{""id"":""6004948896772"",""name"":""Facebook Payments users (higher than average spend)""},{""id"":""6004948896972"",""name"":""Facebook Payments users (30 days)""},{""id"":""6071631541183"",""name"":""Engaged Shoppers""}]}]"	https://geterl.com/products/erl2-0-features
Lowest Cost	30	c:23843039144140116	ID_ERLpurchase1%_1112 - feature	50	18		ID	23843039142200116:Lookalike (ID 1%) - ERL_purchase_1016		"[{""interests"":[{""id"":""6003717851560"",""name"":""Headphones""},{""id"":""6005989447579"",""name"":""Headset (audio)""}]}]"	https://geterl.com/products/erl2-0-features
Lowest Cost	30	c:23843059358510116	US_ERLpurchase4%_1125-aha	50	18		US	23843059357120116:Lookalike (US 4%) - ERL_purchase_1016		"[{""interests"":[{""id"":""6003717851560"",""name"":""Headphones""},{""id"":""6005989447579"",""name"":""Headset (audio)""}]}]"	https://geterl.com/products/erl2-0-features
Lowest Cost	0	c:23843059358730116	EUgood_indie1%_1125 - aha1 -schedule	50	18		IT, NL, ES, SE, GB, FI, DK, HU, DE	23842995418580116:Lookalike (Europe 1%) - ERLindiegogo1016exact		"[{""interests"":[{""id"":""6003717851560"",""name"":""Headphones""},{""id"":""6005989447579"",""name"":""Headset (audio)""}]}]"	https://geterl.com/products/erl2-0-features
Lowest Cost	0	c:23843053073670116	US_ERLpurchase1%_1120-feature-schedule	50	18		US	23842995418430116:Lookalike (US 1%) - ERL_purchase_1016		"[{""interests"":[{""id"":""6003717851560"",""name"":""Headphones""},{""id"":""6005989447579"",""name"":""Headset (audio)""}]}]"	https://geterl.com/products/erl2-0-features
Lowest Cost	20	c:23843059358630116	EUgood_indie2%_1125 - aha1	50	18		IT, NL, ES, SE, GB, FI, DK, HU, DE	23843059357280116:Lookalike (Europe 2%) - ERLindiegogo1016exact		"[{""interests"":[{""id"":""6003717851560"",""name"":""Headphones""},{""id"":""6005989447579"",""name"":""Headset (audio)""}]}]"	https://geterl.com/products/erl2-0-features
Lowest Cost With Cost Cap	0	c:23843057087470116	US_ERLpurchase1%_1123-feature-schedule-bid	50	18	15	US	23842995418430116:Lookalike (US 1%) - ERL_purchase_1016		"[{""interests"":[{""id"":""6003717851560"",""name"":""Headphones""},{""id"":""6005989447579"",""name"":""Headset (audio)""}]}]"	https://geterl.com/products/erl2-0-features
Lowest Cost	20	c:23843059979810116	SG_shopping_1125 - ahaold -newpic	50	18		SG			"[{""interests"":[{""id"":""6003717851560"",""name"":""Headphones""},{""id"":""6005989447579"",""name"":""Headset (audio)""}]},{""interests"":[{""id"":""6003346592981"",""name"":""Online shopping""}]}]"	https://geterl.com/products/erl2-feature-and-new
Lowest Cost	0	c:23843053073680116	US_indie1%_1120-land2-schedule	50	18		US	23842998539940116:Lookalike (US 1%) - ERLindiegogo1016exact		"[{""interests"":[{""id"":""6003717851560"",""name"":""Headphones""},{""id"":""6005989447579"",""name"":""Headset (audio)""}]}]"	https://geterl.com/products/ultimate-zero-compromise-total-wireless-earbuds
Lowest Cost	20	c:23843018647200116	MX_indiegogo1%_1101-MX	50	18		MX	23843018641890116:Lookalike (MX 1%) - ERLindiegogo1016exact		"[{""interests"":[{""id"":""6003717851560"",""name"":""Headphones""},{""id"":""6005989447579"",""name"":""Headset (audio)""}]}]"	https://geterl.com/products/impermeable-bluetooth-5-0-auriculares-inalambricos-erl2-0
Lowest Cost	40	c:23843016402110116	US_ERLpayment1%_1031-land2 - Copy 2	49	18		US	23843010567900116:Lookalike (US 1%) - ERL_payment_1026		"[{""interests"":[{""id"":""6003717851560"",""name"":""Headphones""},{""id"":""6005989447579"",""name"":""Headset (audio)""}]}]"	https://geterl.com/products/ultimate-zero-compromise-total-wireless-earbuds
Lowest Cost	0	c:23843041189620116	SG_shopping_1113 - ahaold - schedule 4	50	18		SG			"[{""interests"":[{""id"":""6003717851560"",""name"":""Headphones""},{""id"":""6005989447579"",""name"":""Headset (audio)""}]},{""interests"":[{""id"":""6003346592981"",""name"":""Online shopping""}]}]"	https://geterl.com/products/erl2-feature-and-new
Lowest Cost	20	c:23843018649970116	MX_ERLpurchase1%_1101-MX	50	18		MX	23843018642770116:Lookalike (MX 1%) - ERL_purchase_1016		"[{""interests"":[{""id"":""6003717851560"",""name"":""Headphones""},{""id"":""6005989447579"",""name"":""Headset (audio)""}]}]"	https://geterl.com/products/impermeable-bluetooth-5-0-auriculares-inalambricos-erl2-0
Lowest Cost	20	c:23843039159140116	SG_shopping_1112 - aha1110-INS	50	18		SG			"[{""interests"":[{""id"":""6003717851560"",""name"":""Headphones""},{""id"":""6005989447579"",""name"":""Headset (audio)""}]},{""interests"":[{""id"":""6003346592981"",""name"":""Online shopping""}]}]"	https://geterl.com/products/erl2-0-features
Lowest Cost	30	c:23843059984570116	US_ERLpurchase3%_1125-aha - Copy	50	18		US	23843051910170116:Lookalike (US 3%) - ERL_purchase_1016		"[{""interests"":[{""id"":""6003717851560"",""name"":""Headphones""},{""id"":""6005989447579"",""name"":""Headset (audio)""}]}]"	https://geterl.com/products/erl2-0-features
Lowest Cost	20	c:23843059982370116	SG_earlyadopter_1125 - ahaold	50	18		SG			"[{""behaviors"":[{""id"":""6003808923172"",""name"":""Technology early adopters""}]}]"	https://geterl.com/products/erl2-feature-and-new
Lowest Cost	20	c:23842999569060116	US_indiegogo1%_1022 - landing2 - Copy	50	18		US	23842998539940116:Lookalike (US 1%) - ERLindiegogo1016exact		"[{""interests"":[{""id"":""6003717851560"",""name"":""Headphones""},{""id"":""6005989447579"",""name"":""Headset (audio)""}]}]"	https://geterl.com/products/ultimate-zero-compromise-total-wireless-earbuds
Lowest Cost	20	c:23843008328250116	US_indie2%_1026 - land2	50	18		US	23843008330070116:Lookalike (US 2%) - ERLindiegogo1016exact		"[{""interests"":[{""id"":""6003717851560"",""name"":""Headphones""},{""id"":""6005989447579"",""name"":""Headset (audio)""}]}]"	https://geterl.com/products/ultimate-zero-compromise-total-wireless-earbuds
Lowest Cost	20	c:23843010568970116	EU1_indie1%_engaged_1028 - land2	50	18		IT, FR, DE	23843010567180116:Lookalike (DE FR IT 1%) - ERLindiegogo1016exact		"[{""interests"":[{""id"":""6003717851560"",""name"":""Headphones""},{""id"":""6005989447579"",""name"":""Headset (audio)""}]},{""interests"":[{""id"":""6003346592981"",""name"":""Online shopping""}],""behaviors"":[{""id"":""6002764392172"",""name"":""Facebook Payments users (90 days)""},{""id"":""6004948896772"",""name"":""Facebook Payments users (higher than average spend)""},{""id"":""6004948896972"",""name"":""Facebook Payments users (30 days)""},{""id"":""6071631541183"",""name"":""Engaged Shoppers""}]}]"	https://geterl.com/products/ultimate-zero-compromise-total-wireless-earbuds
Lowest Cost	40	c:23843010567980116	EU1_indie1%_1028 - land2	50	18		IT, FR, DE	23843010567180116:Lookalike (DE FR IT 1%) - ERLindiegogo1016exact		"[{""interests"":[{""id"":""6003717851560"",""name"":""Headphones""},{""id"":""6005989447579"",""name"":""Headset (audio)""}]}]"	https://geterl.com/products/ultimate-zero-compromise-total-wireless-earbuds
Lowest Cost	20	c:23843010578660116	AU_indiegogo1%_1028	50	18		AU	23843010547990116:Lookalike (AU 1%) - ERLindiegogo1016exact		"[{""interests"":[{""id"":""6003717851560"",""name"":""Headphones""},{""id"":""6005989447579"",""name"":""Headset (audio)""}]}]"	https://geterl.com/products/ultimate-zero-compromise-total-wireless-earbuds
Lowest Cost	30	c:23843012007360116	ID_indiegogo1%_1029	50	18		ID	23843012006830116:Lookalike (ID 1%) - ERLindiegogo1016exact		"[{""interests"":[{""id"":""6003717851560"",""name"":""Headphones""},{""id"":""6005989447579"",""name"":""Headset (audio)""}]}]"	https://geterl.com/products/ultimate-zero-compromise-total-wireless-earbuds
Lowest Cost	30	c:23843012009780116	MY_indiegogo1%_1029	50	18		MY	23843012007020116:Lookalike (MY 1%) - ERLindiegogo1016exact		"[{""interests"":[{""id"":""6003717851560"",""name"":""Headphones""},{""id"":""6005989447579"",""name"":""Headset (audio)""}]}]"	https://geterl.com/products/ultimate-zero-compromise-total-wireless-earbuds
Lowest Cost	30	c:23843015535280116	DKFN_headphones_1031-newpic	50	18		FI, DK			"[{""interests"":[{""id"":""6003717851560"",""name"":""Headphones""},{""id"":""6005989447579"",""name"":""Headset (audio)""}]}]"	https://geterl.com/products/erl2-0-features
Lowest Cost	30	c:23843015535280116	DKFN_headphones_1031-newpic	50	18		FI, DK			"[{""interests"":[{""id"":""6003717851560"",""name"":""Headphones""},{""id"":""6005989447579"",""name"":""Headset (audio)""}]}]"	https://geterl.com/products/ultimate-zero-compromise-total-wireless-earbuds
Lowest Cost	40	c:23843016402080116	US_indie1%_1031 - land2 - Copy 22	50	18		US	23842998539940116:Lookalike (US 1%) - ERLindiegogo1016exact		"[{""interests"":[{""id"":""6003717851560"",""name"":""Headphones""},{""id"":""6005989447579"",""name"":""Headset (audio)""}]}]"	https://geterl.com/products/ultimate-zero-compromise-total-wireless-earbuds
Lowest Cost	20	c:23843013968220116	US_ERLpayment1%_1030-land2 - Copy	49	18		US	23843010567900116:Lookalike (US 1%) - ERL_payment_1026		"[{""interests"":[{""id"":""6003717851560"",""name"":""Headphones""},{""id"":""6005989447579"",""name"":""Headset (audio)""}]}]"	https://geterl.com/products/ultimate-zero-compromise-total-wireless-earbuds
Lowest Cost	20	c:23843015406370116	EU1_indie1%_1031-newpic	50	18		IT, FR, DE	23843010567180116:Lookalike (DE FR IT 1%) - ERLindiegogo1016exact		"[{""interests"":[{""id"":""6003717851560"",""name"":""Headphones""},{""id"":""6005989447579"",""name"":""Headset (audio)""}]}]"	https://geterl.com/products/ultimate-zero-compromise-total-wireless-earbuds
Lowest Cost	40	c:23843013968260116	US_indie1%_1030-land2 - Copy	49	18		US	23842998539940116:Lookalike (US 1%) - ERLindiegogo1016exact		"[{""interests"":[{""id"":""6003717851560"",""name"":""Headphones""},{""id"":""6005989447579"",""name"":""Headset (audio)""}]}]"	https://geterl.com/products/ultimate-zero-compromise-total-wireless-earbuds
Lowest Cost	20	c:23843015219180116	AU_indiegogo3%_1031-newpic	50	18		AU	23842997003480116:Lookalike (AU 3%) - ERLindiegogo1016exact		"[{""interests"":[{""id"":""6003717851560"",""name"":""Headphones""},{""id"":""6005989447579"",""name"":""Headset (audio)""}]}]"	https://geterl.com/products/ultimate-zero-compromise-total-wireless-earbuds
Lowest Cost	20	c:23843013968270116	US_ERLpurchase1%_1029 - feature - Copy 2	50	18		US	23842995418430116:Lookalike (US 1%) - ERL_purchase_1016		"[{""interests"":[{""id"":""6003717851560"",""name"":""Headphones""},{""id"":""6005989447579"",""name"":""Headset (audio)""}]}]"	https://geterl.com/products/erl2-0-features
Lowest Cost	20	c:23843013968280116	US_ERLpurchase1%_1030-land2-copy - Copy	49	18		US	23842995418430116:Lookalike (US 1%) - ERL_purchase_1016		"[{""interests"":[{""id"":""6003717851560"",""name"":""Headphones""},{""id"":""6005989447579"",""name"":""Headset (audio)""}]}]"	https://geterl.com/products/ultimate-zero-compromise-total-wireless-earbuds
Lowest Cost	10	c:23842997494700116	UK_indiegogo2%_1020 - landing2	50	18		GB	23842997004160116:Lookalike (GB 2%) - ERLindiegogo1016exact		"[{""interests"":[{""id"":""6003717851560"",""name"":""Headphones""},{""id"":""6005989447579"",""name"":""Headset (audio)""}]}]"	https://geterl.com/products/ultimate-zero-compromise-total-wireless-earbuds
Lowest Cost	10	c:23842997494710116	AU_indiegogo3%_1020 - landing2	50	18		AU	23842997003480116:Lookalike (AU 3%) - ERLindiegogo1016exact		"[{""interests"":[{""id"":""6003717851560"",""name"":""Headphones""},{""id"":""6005989447579"",""name"":""Headset (audio)""}]}]"	https://geterl.com/products/ultimate-zero-compromise-total-wireless-earbuds
Lowest Cost With Bid Cap	300	c:23842999570890116	US_indie1%_1022 - landing2-cap	50	18	20	US	23842998539940116:Lookalike (US 1%) - ERLindiegogo1016exact		"[{""interests"":[{""id"":""6003717851560"",""name"":""Headphones""},{""id"":""6005989447579"",""name"":""Headset (audio)""}]}]"	https://geterl.com/products/ultimate-zero-compromise-total-wireless-earbuds
Lowest Cost	30	c:23842999077680116	UK_indiegogo1%_1022-landing2	50	18		GB	23842999070070116:Lookalike (GB 1%) - ERLindiegogo1016exact		"[{""interests"":[{""id"":""6003717851560"",""name"":""Headphones""},{""id"":""6005989447579"",""name"":""Headset (audio)""}]}]"	https://geterl.com/products/ultimate-zero-compromise-total-wireless-earbuds
Lowest Cost	20	c:23843012071110116	UK_indie1%_1029 - land2-zhuanxian	50	18		GB	23842999070070116:Lookalike (GB 1%) - ERLindiegogo1016exact		"[{""interests"":[{""id"":""6003717851560"",""name"":""Headphones""},{""id"":""6005989447579"",""name"":""Headset (audio)""}]}]"	https://geterl.com/products/ultimate-zero-compromise-total-wireless-earbuds
Lowest Cost	10	c:23842997494680116	CA_indiegogo3%_1020 - landing2	50	18		CA	23842997009210116:Lookalike (CA 3%) - ERLindiegogo1016exact		"[{""interests"":[{""id"":""6003717851560"",""name"":""Headphones""},{""id"":""6005989447579"",""name"":""Headset (audio)""}]}]"	https://geterl.com/products/ultimate-zero-compromise-total-wireless-earbuds
Lowest Cost	30	c:23842999298790116	US_indie1%&EngagAdoptBrands_1022-ldng2	50	18		US	23842998539940116:Lookalike (US 1%) - ERLindiegogo1016exact		"[{""interests"":[{""id"":""6002899129710"",""name"":""JBL""},{""id"":""6003140765017"",""name"":""Wireless speakers""},{""id"":""6003143334361"",""name"":""Mobile phone accessories""},{""id"":""6003198788367"",""name"":""Bluetooth""},{""id"":""6003342717581"",""name"":""Jaybird""},{""id"":""6003372673474"",""name"":""Bang & Olufsen""},{""id"":""6003376604005"",""name"":""Shure""},{""id"":""6003382886804"",""name"":""Bowers & Wilkins""},{""id"":""6003396549623"",""name"":""Bose headphones""},{""id"":""6003448130225"",""name"":""Skullcandy""},{""id"":""6003717851560"",""name"":""Headphones""},{""id"":""6003763219104"",""name"":""Beats Electronics""},{""id"":""6005989447579"",""name"":""Headset (audio)""},{""id"":""6016308695583"",""name"":""Jabra (headset)""}]},{""behaviors"":[{""id"":""6002764392172"",""name"":""Facebook Payments users (90 days)""},{""id"":""6003808923172"",""name"":""Technology early adopters""},{""id"":""6004948896772"",""name"":""Facebook Payments users (higher than average spend)""},{""id"":""6004948896972"",""name"":""Facebook Payments users (30 days)""},{""id"":""6071631541183"",""name"":""Engaged Shoppers""}]}]"	https://geterl.com/products/ultimate-zero-compromise-total-wireless-earbuds
Lowest Cost	20	c:23843011195300116	AU_indiegogo3%_1029 - Copy	50	18		AU	23842997003480116:Lookalike (AU 3%) - ERLindiegogo1016exact		"[{""interests"":[{""id"":""6003717851560"",""name"":""Headphones""},{""id"":""6005989447579"",""name"":""Headset (audio)""}]}]"	https://geterl.com/products/ultimate-zero-compromise-total-wireless-earbuds
Lowest Cost	20	c:23843011195310116	AU_indiegogo3%_1029 - Copy	50	18		AU	23842997003480116:Lookalike (AU 3%) - ERLindiegogo1016exact		"[{""interests"":[{""id"":""6003717851560"",""name"":""Headphones""},{""id"":""6005989447579"",""name"":""Headset (audio)""}]}]"	https://geterl.com/products/ultimate-zero-compromise-total-wireless-earbuds
Lowest Cost	20	c:23842998540250116	US_indiegogo1%_1021 - landing2	50	18		US	23842998539940116:Lookalike (US 1%) - ERLindiegogo1016exact		"[{""interests"":[{""id"":""6003717851560"",""name"":""Headphones""},{""id"":""6005989447579"",""name"":""Headset (audio)""}]}]"	https://geterl.com/products/ultimate-zero-compromise-total-wireless-earbuds
Lowest Cost	10	c:23842997482380116	CA_indiegogo3%_1020	50	18		CA	23842997009210116:Lookalike (CA 3%) - ERLindiegogo1016exact		"[{""interests"":[{""id"":""6003717851560"",""name"":""Headphones""},{""id"":""6005989447579"",""name"":""Headset (audio)""}]}]"	https://geterl.com/products/erl-total-wireless-earphones
Lowest Cost	20	c:23843010595820116	US_indie1%_1028-land2-bai	49	18		US	23842998539940116:Lookalike (US 1%) - ERLindiegogo1016exact		"[{""interests"":[{""id"":""6003717851560"",""name"":""Headphones""},{""id"":""6005989447579"",""name"":""Headset (audio)""}]}]"	https://geterl.com/products/earbuds-erl2-0
Lowest Cost	20	c:23843015234420116	MY_ERLpayment1%_1031	50	18		MY	23843015234270116:Lookalike (MY 1%) - ERL_payment_1026		"[{""interests"":[{""id"":""6003717851560"",""name"":""Headphones""},{""id"":""6005989447579"",""name"":""Headset (audio)""}]}]"	https://geterl.com/products/ultimate-zero-compromise-total-wireless-earbuds
Lowest Cost	20	c:23843006677410116	US_indie1%_1022-land2-1824	24	18		US	23842998539940116:Lookalike (US 1%) - ERLindiegogo1016exact		"[{""interests"":[{""id"":""6003717851560"",""name"":""Headphones""},{""id"":""6005989447579"",""name"":""Headset (audio)""}]}]"	https://geterl.com/products/ultimate-zero-compromise-total-wireless-earbuds
Lowest Cost	40	c:23843001730820116	US_indie1%_1023-land2-copy	49	18		US	23842998539940116:Lookalike (US 1%) - ERLindiegogo1016exact		"[{""interests"":[{""id"":""6003717851560"",""name"":""Headphones""},{""id"":""6005989447579"",""name"":""Headset (audio)""}]}]"	https://geterl.com/products/erl2-0-features
Lowest Cost	40	c:23843001730820116	US_indie1%_1023-land2-copy	49	18		US	23842998539940116:Lookalike (US 1%) - ERLindiegogo1016exact		"[{""interests"":[{""id"":""6003717851560"",""name"":""Headphones""},{""id"":""6005989447579"",""name"":""Headset (audio)""}]}]"	https://geterl.com/products/ultimate-zero-compromise-total-wireless-earbuds
Lowest Cost	40	c:23843012038920116	US_indie1%_1029-land2-copy	49	18		US	23842998539940116:Lookalike (US 1%) - ERLindiegogo1016exact		"[{""interests"":[{""id"":""6003717851560"",""name"":""Headphones""},{""id"":""6005989447579"",""name"":""Headset (audio)""}]}]"	https://geterl.com/products/ultimate-zero-compromise-total-wireless-earbuds
Lowest Cost	20	c:23843006676650116	US_indie1%&EngagAdoptBrands_1025-1824 -	24	18		US	23842998539940116:Lookalike (US 1%) - ERLindiegogo1016exact		"[{""interests"":[{""id"":""6002899129710"",""name"":""JBL""},{""id"":""6003140765017"",""name"":""Wireless speakers""},{""id"":""6003143334361"",""name"":""Mobile phone accessories""},{""id"":""6003198788367"",""name"":""Bluetooth""},{""id"":""6003342717581"",""name"":""Jaybird""},{""id"":""6003372673474"",""name"":""Bang & Olufsen""},{""id"":""6003376604005"",""name"":""Shure""},{""id"":""6003382886804"",""name"":""Bowers & Wilkins""},{""id"":""6003396549623"",""name"":""Bose headphones""},{""id"":""6003448130225"",""name"":""Skullcandy""},{""id"":""6003717851560"",""name"":""Headphones""},{""id"":""6003763219104"",""name"":""Beats Electronics""},{""id"":""6005989447579"",""name"":""Headset (audio)""},{""id"":""6016308695583"",""name"":""Jabra (headset)""}]},{""behaviors"":[{""id"":""6002764392172"",""name"":""Facebook Payments users (90 days)""},{""id"":""6003808923172"",""name"":""Technology early adopters""},{""id"":""6004948896772"",""name"":""Facebook Payments users (higher than average spend)""},{""id"":""6004948896972"",""name"":""Facebook Payments users (30 days)""},{""id"":""6071631541183"",""name"":""Engaged Shoppers""}]}]"	https://geterl.com/products/ultimate-zero-compromise-total-wireless-earbuds
Lowest Cost	20	c:23843012040690116	US_indie1%_1029 - feature	50	18		US	23842998539940116:Lookalike (US 1%) - ERLindiegogo1016exact		"[{""interests"":[{""id"":""6003717851560"",""name"":""Headphones""},{""id"":""6005989447579"",""name"":""Headset (audio)""}]}]"	https://geterl.com/products/erl2-0-features
Lowest Cost	20	c:23843010574610116	US_indie2%payment1%_1028 - land2	50	18		US	23843008330070116:Lookalike (US 2%) - ERLindiegogo1016exact, 23843010567900116:Lookalike (US 1%) - ERL_payment_1026		"[{""interests"":[{""id"":""6003717851560"",""name"":""Headphones""},{""id"":""6005989447579"",""name"":""Headset (audio)""}]}]"	https://geterl.com/products/ultimate-zero-compromise-total-wireless-earbuds
Lowest Cost	40	c:23843001730830116	US_indie1%_1023-land2-INS48	48	18		US	23842998539940116:Lookalike (US 1%) - ERLindiegogo1016exact		"[{""interests"":[{""id"":""6003717851560"",""name"":""Headphones""},{""id"":""6005989447579"",""name"":""Headset (audio)""}]}]"	https://geterl.com/products/ultimate-zero-compromise-total-wireless-earbuds
Lowest Cost	40	c:23843001730840116	US_indie1%_1023-land2-INS50	50	18		US	23842998539940116:Lookalike (US 1%) - ERLindiegogo1016exact		"[{""interests"":[{""id"":""6003717851560"",""name"":""Headphones""},{""id"":""6005989447579"",""name"":""Headset (audio)""}]}]"	https://geterl.com/products/ultimate-zero-compromise-total-wireless-earbuds
Lowest Cost	30	c:23842999079290116	UK_ERLpurchase1%_1022-landing2	50	18		GB	23842999078230116:Lookalike (GB 1%) - ERL_purchase_1016		"[{""interests"":[{""id"":""6003717851560"",""name"":""Headphones""},{""id"":""6005989447579"",""name"":""Headset (audio)""}]}]"	https://geterl.com/products/ultimate-zero-compromise-total-wireless-earbuds
Lowest Cost	20	c:23843010577600116	AU_indiegogo3%_1028 - aha1110	50	18		AU	23842997003480116:Lookalike (AU 3%) - ERLindiegogo1016exact		"[{""interests"":[{""id"":""6003717851560"",""name"":""Headphones""},{""id"":""6005989447579"",""name"":""Headset (audio)""}]}]"	https://geterl.com/products/erl2-0-features
Lowest Cost	20	c:23843010577600116	AU_indiegogo3%_1028 - aha1110	50	18		AU	23842997003480116:Lookalike (AU 3%) - ERLindiegogo1016exact		"[{""interests"":[{""id"":""6003717851560"",""name"":""Headphones""},{""id"":""6005989447579"",""name"":""Headset (audio)""}]}]"	https://geterl.com/products/ultimate-zero-compromise-total-wireless-earbuds
Lowest Cost	20	c:23843012050170116	US_ERLpurchase1%_1029 - feature	50	18		US	23842995418430116:Lookalike (US 1%) - ERL_purchase_1016		"[{""interests"":[{""id"":""6003717851560"",""name"":""Headphones""},{""id"":""6005989447579"",""name"":""Headset (audio)""}]}]"	https://geterl.com/products/erl2-0-features
Lowest Cost	40	c:23843000970310116	SG_engaged_1023	50	18		SG			"[{""interests"":[{""id"":""6003717851560"",""name"":""Headphones""},{""id"":""6005989447579"",""name"":""Headset (audio)""}]},{""behaviors"":[{""id"":""6002764392172"",""name"":""Facebook Payments users (90 days)""},{""id"":""6004948896772"",""name"":""Facebook Payments users (higher than average spend)""},{""id"":""6004948896972"",""name"":""Facebook Payments users (30 days)""},{""id"":""6071631541183"",""name"":""Engaged Shoppers""}]}]"	https://geterl.com/products/erl-total-wireless-earphones
Lowest Cost	20	c:23843010575400116	US_indie2%engaged_1028 - land2	50	18		US	23843008330070116:Lookalike (US 2%) - ERLindiegogo1016exact		"[{""interests"":[{""id"":""6003717851560"",""name"":""Headphones""},{""id"":""6005989447579"",""name"":""Headset (audio)""}]},{""behaviors"":[{""id"":""6002764392172"",""name"":""Facebook Payments users (90 days)""},{""id"":""6004948896772"",""name"":""Facebook Payments users (higher than average spend)""},{""id"":""6004948896972"",""name"":""Facebook Payments users (30 days)""},{""id"":""6071631541183"",""name"":""Engaged Shoppers""}]}]"	https://geterl.com/products/ultimate-zero-compromise-total-wireless-earbuds
Lowest Cost	40	c:23843001730850116	US_indie1%_1023-land2-copy	50	18		US	23842998539940116:Lookalike (US 1%) - ERLindiegogo1016exact		"[{""interests"":[{""id"":""6003717851560"",""name"":""Headphones""},{""id"":""6005989447579"",""name"":""Headset (audio)""}]}]"	https://geterl.com/products/ultimate-zero-compromise-total-wireless-earbuds
Lowest Cost	20	c:23842998546460116	BR_shopping_1021 - landing2	50	18		BR			"[{""interests"":[{""id"":""6003717851560"",""name"":""Headphones""},{""id"":""6005989447579"",""name"":""Headset (audio)""}]},{""interests"":[{""id"":""6003346592981"",""name"":""Online shopping""}]}]"	https://geterl.com/products/ultimate-zero-compromise-total-wireless-earbuds
Lowest Cost	40	c:23842998521050116	UK_indiegogo3%_1021 - landing2	50	18		GB	23842998527540116:Lookalike (GB 3%) - ERLindiegogo1016exact		"[{""interests"":[{""id"":""6003717851560"",""name"":""Headphones""},{""id"":""6005989447579"",""name"":""Headset (audio)""}]}]"	https://geterl.com/products/ultimate-zero-compromise-total-wireless-earbuds
Lowest Cost	20	c:23843004830550116	US_indie1%_1024 - land2 - Copy	50	18		US	23842998539940116:Lookalike (US 1%) - ERLindiegogo1016exact		"[{""interests"":[{""id"":""6003717851560"",""name"":""Headphones""},{""id"":""6005989447579"",""name"":""Headset (audio)""}]}]"	https://geterl.com/products/ultimate-zero-compromise-total-wireless-earbuds
Lowest Cost	20	c:23843004831550116	EU1_indie1%_1024 - aha1110	50	18		IT, FR, DE	23843010567180116:Lookalike (DE FR IT 1%) - ERLindiegogo1016exact		"[{""interests"":[{""id"":""6003717851560"",""name"":""Headphones""},{""id"":""6005989447579"",""name"":""Headset (audio)""}]}]"	https://geterl.com/products/erl2-0-features
Lowest Cost	20	c:23843004831550116	EU1_indie1%_1024 - aha1110	50	18		IT, FR, DE	23843010567180116:Lookalike (DE FR IT 1%) - ERLindiegogo1016exact		"[{""interests"":[{""id"":""6003717851560"",""name"":""Headphones""},{""id"":""6005989447579"",""name"":""Headset (audio)""}]}]"	https://geterl.com/products/ultimate-zero-compromise-total-wireless-earbuds
Lowest Cost	40	c:23842998521070116	CA_indiegogo3%_1020 - landing2 - Copy	50	18		CA	23842997009210116:Lookalike (CA 3%) - ERLindiegogo1016exact		"[{""interests"":[{""id"":""6003717851560"",""name"":""Headphones""},{""id"":""6005989447579"",""name"":""Headset (audio)""}]}]"	https://geterl.com/products/ultimate-zero-compromise-total-wireless-earbuds
Lowest Cost	20	c:23843012039640116	US_indie1%_1029 - land2 - Copy2	50	18		US	23842998539940116:Lookalike (US 1%) - ERLindiegogo1016exact		"[{""interests"":[{""id"":""6003717851560"",""name"":""Headphones""},{""id"":""6005989447579"",""name"":""Headset (audio)""}]}]"	https://geterl.com/products/erl2-0-features
Lowest Cost	20	c:23843012039640116	US_indie1%_1029 - land2 - Copy2	50	18		US	23842998539940116:Lookalike (US 1%) - ERLindiegogo1016exact		"[{""interests"":[{""id"":""6003717851560"",""name"":""Headphones""},{""id"":""6005989447579"",""name"":""Headset (audio)""}]}]"	https://geterl.com/products/ultimate-zero-compromise-total-wireless-earbuds
Lowest Cost	20	c:23843004830570116	US_indie1%_1024 - land2 - Copy	50	18		US	23842998539940116:Lookalike (US 1%) - ERLindiegogo1016exact		"[{""interests"":[{""id"":""6003717851560"",""name"":""Headphones""},{""id"":""6005989447579"",""name"":""Headset (audio)""}]}]"	https://geterl.com/products/ultimate-zero-compromise-total-wireless-earbuds
Lowest Cost	30	c:23843012008400116	TH_indiegogo1%_1029	50	18		TH	23843012006730116:Lookalike (TH 1%) - ERLindiegogo1016exact		"[{""interests"":[{""id"":""6003717851560"",""name"":""Headphones""},{""id"":""6005989447579"",""name"":""Headset (audio)""}]}]"	https://geterl.com/products/ultimate-zero-compromise-total-wireless-earbuds
Lowest Cost	10	c:23842995513360116	EU2_shopping_1019	50	18		IE, NL, NO, SE, CH, FI, DK, BE, AT, PT			"[{""interests"":[{""id"":""6003717851560"",""name"":""Headphones""},{""id"":""6005989447579"",""name"":""Headset (audio)""}]},{""interests"":[{""id"":""6003346592981"",""name"":""Online shopping""}]}]"	https://geterl.com/products/erl-total-wireless-earphones
Lowest Cost	10	c:23842995513360116	EU2_shopping_1019	50	18		IE, NL, NO, SE, CH, FI, DK, BE, AT, PT			"[{""interests"":[{""id"":""6003717851560"",""name"":""Headphones""},{""id"":""6005989447579"",""name"":""Headset (audio)""}]},{""interests"":[{""id"":""6003346592981"",""name"":""Online shopping""}]}]"	https://geterl.com/products/erl-total-wireless-earphones
Lowest Cost	10	c:23842995907970116	UK_shopping_1019	50	18		GB			"[{""interests"":[{""id"":""6003717851560"",""name"":""Headphones""},{""id"":""6005989447579"",""name"":""Headset (audio)""}]},{""interests"":[{""id"":""6003346592981"",""name"":""Online shopping""}]}]"	https://geterl.com/products/erl-total-wireless-earphones
Lowest Cost	40	c:23842995479090116	CA_shopping_1019	50	18		CA			"[{""interests"":[{""id"":""6003717851560"",""name"":""Headphones""},{""id"":""6005989447579"",""name"":""Headset (audio)""}]},{""interests"":[{""id"":""6003346592981"",""name"":""Online shopping""}]}]"	https://geterl.com/products/erl-total-wireless-earphones
Lowest Cost	40	c:23842995479090116	CA_shopping_1019	50	18		CA			"[{""interests"":[{""id"":""6003717851560"",""name"":""Headphones""},{""id"":""6005989447579"",""name"":""Headset (audio)""}]},{""interests"":[{""id"":""6003346592981"",""name"":""Online shopping""}]}]"	https://geterl.com/products/erl-total-wireless-earphones
Lowest Cost	30	c:23842997481630116	UK_shopping_1019 - Copy	50	18		GB			"[{""interests"":[{""id"":""6003717851560"",""name"":""Headphones""},{""id"":""6005989447579"",""name"":""Headset (audio)""}]},{""interests"":[{""id"":""6003346592981"",""name"":""Online shopping""}]}]"	https://geterl.com/products/erl-total-wireless-earphones
Lowest Cost	10	c:23842997481860116	UK_indiegogo2%_1020	50	18		GB	23842997004160116:Lookalike (GB 2%) - ERLindiegogo1016exact		"[{""interests"":[{""id"":""6003717851560"",""name"":""Headphones""},{""id"":""6005989447579"",""name"":""Headset (audio)""}]}]"	https://geterl.com/products/erl-total-wireless-earphones
Lowest Cost	10	c:23842997482210116	AU_indiegogo3%_1020	50	18		AU	23842997003480116:Lookalike (AU 3%) - ERLindiegogo1016exact		"[{""interests"":[{""id"":""6003717851560"",""name"":""Headphones""},{""id"":""6005989447579"",""name"":""Headset (audio)""}]}]"	https://geterl.com/products/erl-total-wireless-earphones
Lowest Cost	40	c:23842995493340116	EU_shopping_1019	50	18		IT, GB, FR, DE			"[{""interests"":[{""id"":""6003717851560"",""name"":""Headphones""},{""id"":""6005989447579"",""name"":""Headset (audio)""}]},{""interests"":[{""id"":""6003346592981"",""name"":""Online shopping""}]}]"	https://geterl.com/products/erl-total-wireless-earphones
Lowest Cost	10	c:23842995496030116	US_ERLpurchase1%_brands_1019	50	18		US	23842995418430116:Lookalike (US 1%) - ERL_purchase_1016		"[{""interests"":[{""id"":""6002899129710"",""name"":""JBL""},{""id"":""6003280302010"",""name"":""Sennheiser""},{""id"":""6003372673474"",""name"":""Bang & Olufsen""},{""id"":""6003382886804"",""name"":""Bowers & Wilkins""},{""id"":""6003448130225"",""name"":""Skullcandy""},{""id"":""6003649529513"",""name"":""Noise-cancelling headphones""},{""id"":""6003717851560"",""name"":""Headphones""},{""id"":""6005989447579"",""name"":""Headset (audio)""},{""id"":""6016308695583"",""name"":""Jabra (headset)""}]}]"	https://geterl.com/products/erl-total-wireless-earphones
Lowest Cost	40	c:23842995488350116	AU_shopping_1019	50	18		AU			"[{""interests"":[{""id"":""6003717851560"",""name"":""Headphones""},{""id"":""6005989447579"",""name"":""Headset (audio)""}]},{""interests"":[{""id"":""6003346592981"",""name"":""Online shopping""}]}]"	https://geterl.com/products/erl-total-wireless-earphones
Lowest Cost	10	c:23842995511140116	UK_ERLpurchase2%_1019	50	18		GB	23842995419560116:Lookalike (GB 2%) - ERL_purchase_1016			https://geterl.com/products/erl-total-wireless-earphones